"Participant_ID","Ack","App_Name","At_Home","Current_Activity","Responsiveness","Goal_Alignment","Intervention_Type","Sleepiness","Valence","Satisfaction","Agency","Multitasking","Social_Situation","Stress","Timestamp","Usefulness","Gender","Age","Hour","Weekday","Reactance","Impulsivity","Anxiety","Self-Control","FoMo"
2,TRUE,"TikTok",TRUE,-3,64,3,"SpotOverlay",1,3,3,3,"No","friends",5,"2025-02-22 23:43:42",2,"Male",47,23,FALSE,4.6,1.53,0,4.38,1.8
2,TRUE,"TikTok",TRUE,1,13,3,"Pop-Up",1,4,5,4,"Yes","friends",0,"2025-02-24 6:52:21",6,"Male",47,6,TRUE,3.2,1.53,0,4.38,1.8
2,TRUE,"TikTok",TRUE,-1,11,4,"Pop-Up",6,3,4,4,"No","alone",4,"2025-02-22 4:50:10",4,"Male",47,4,FALSE,4,1.53,0,4.38,1.8
2,TRUE,"YouTube",TRUE,-2,590,4,"Vibration",6,3,4,4,"No","alone",5,"2025-02-24 3:57:24",5,"Male",47,3,TRUE,3,1.53,0,4.38,1.8
2,TRUE,"TikTok",TRUE,0,25,4,"SpotOverlay",2,3,4,4,"No","friends",2,"2025-02-23 0:08:26",4,"Male",47,0,FALSE,4,1.53,0,4.38,1.8
2,TRUE,"YouTube",TRUE,0,47,4,"SpotOverlay",4,3,4,4,"No","alone",2,"2025-02-24 3:30:37",5,"Male",47,3,TRUE,3,1.53,0,4.38,1.8
2,TRUE,"TikTok",TRUE,-3,149,2,"Vibration",2,2,2,3,"No","alone",4,"2025-02-24 23:55:42",2,"Male",47,23,TRUE,4,1.53,0,4.38,1.8
2,TRUE,NA,TRUE,-3,2,3,"Pop-Up",1,2,2,2,"Yes","friends",3,"2025-02-24 22:48:21",2,"Male",47,22,TRUE,4,1.53,0,4.38,1.8
2,TRUE,"TikTok",TRUE,-3,126,3,"Pop-Up",1,2,3,2,"Yes","friends",3,"2025-02-24 22:28:23",4,"Male",47,22,TRUE,3.6,1.53,0,4.38,1.8
2,TRUE,"Facebook",FALSE,0,604,5,"Vibration",1,4,6,2,"Yes","friends",0,"2025-02-23 19:17:22",6,"Male",47,19,FALSE,2.6,1.53,0,4.38,1.8
2,TRUE,"TikTok",TRUE,-3,253,3,"Vibration",1,2,3,3,"Yes","friends",5,"2025-02-24 21:02:32",2,"Male",47,21,TRUE,4,1.53,0,4.38,1.8
2,TRUE,"TikTok",TRUE,0,13,4,"Pop-Up",1,3,4,4,"No","friends",2,"2025-02-23 20:51:56",3,"Male",47,20,FALSE,3,1.53,0,4.38,1.8
2,TRUE,"Facebook",TRUE,-2,214,3,"Vibration",3,2,3,4,"Yes","friends",4,"2025-02-23 7:38:30",3,"Male",47,7,FALSE,4,1.53,0,4.38,1.8
2,TRUE,"Instagram",TRUE,-3,28,4,"Pop-Up",5,3,4,3,"Yes","friends",3,"2025-02-23 7:01:40",3,"Male",47,7,FALSE,4,1.53,0,4.38,1.8
2,TRUE,"Facebook",TRUE,-1,75,4,"SpotOverlay",6,3,4,4,"No","alone",2,"2025-02-23 2:50:35",4,"Male",47,2,FALSE,3,1.53,0,4.38,1.8
2,TRUE,NA,TRUE,-3,3,2,"Vibration",1,1,1,1,"Yes","alone",7,"2025-02-22 18:41:47",1,"Male",47,18,FALSE,4.6,1.53,0,4.38,1.8
2,TRUE,NA,TRUE,-1,21,3,"Vibration",4,2,2,3,"No","alone",5,"2025-02-22 1:19:35",1,"Male",47,1,FALSE,4.6,1.53,0,4.38,1.8
2,TRUE,"YouTube",TRUE,0,25,4,"Pop-Up",3,3,4,4,"Yes","friends",4,"2025-02-26 23:34:18",3,"Male",47,23,TRUE,4,1.53,0,4.38,1.8
2,TRUE,"TikTok",TRUE,-3,106,2,"Vibration",2,2,3,2,"No","alone",6,"2025-02-20 0:57:56",1,"Male",47,0,TRUE,4.4,1.53,0,4.38,1.8
2,TRUE,"TikTok",TRUE,-3,14,4,"Pop-Up",4,3,4,4,"No","alone",3,"2025-02-20 1:21:37",5,"Male",47,1,TRUE,4,1.53,0,4.38,1.8
2,TRUE,"TikTok",TRUE,-3,7,2,"Pop-Up",1,2,2,1,"Yes","friends",5,"2025-02-26 20:40:58",3,"Male",47,20,TRUE,4,1.53,0,4.38,1.8
2,TRUE,"TikTok",TRUE,-3,294,2,"SpotOverlay",1,2,1,1,"No","friends",7,"2025-02-20 20:13:21",1,"Male",47,20,TRUE,4.6,1.53,0,4.38,1.8
2,TRUE,NA,TRUE,-2,1,3,"Vibration",4,3,3,1,"Yes","friends",6,"2025-02-20 23:38:03",3,"Male",47,23,TRUE,4.8,1.53,0,4.38,1.8
2,TRUE,"TikTok",TRUE,-3,56,4,"Vibration",1,3,4,6,"Yes","friends",2,"2025-02-25 22:09:53",3,"Male",47,22,TRUE,5,1.53,0,4.38,1.8
2,TRUE,"TikTok",TRUE,-1,1209,4,"Pop-Up",5,4,4,4,"Yes","friends",1,"2025-02-21 1:34:16",5,"Male",47,1,TRUE,3.4,1.53,0,4.38,1.8
2,TRUE,"TikTok",TRUE,-3,137,3,"Vibration",1,1,2,2,"Yes","friends",4,"2025-02-21 20:27:33",1,"Male",47,20,TRUE,4,1.53,0,4.38,1.8
2,TRUE,NA,TRUE,-3,170,2,"SpotOverlay",1,2,3,2,"Yes","friends",4,"2025-02-25 21:53:06",2,"Male",47,21,TRUE,4,1.53,0,4.38,1.8
2,TRUE,NA,TRUE,-1,244,3,"SpotOverlay",1,3,3,3,"Yes","alone",3,"2025-02-26 23:11:22",4,"Male",47,23,TRUE,4,1.53,0,4.38,1.8
2,TRUE,"TikTok",TRUE,-1,66,3,"Pop-Up",2,2,3,3,"No","alone",6,"2025-02-21 6:06:07",2,"Male",47,6,TRUE,4,1.53,0,4.38,1.8
2,TRUE,"TikTok",TRUE,-3,27,3,"SpotOverlay",1,2,2,2,"Yes","friends",5,"2025-02-26 21:10:40",1,"Male",47,21,TRUE,4,1.53,0,4.38,1.8
2,TRUE,"TikTok",TRUE,0,147,3,"Vibration",5,3,4,4,"No","alone",4,"2025-02-23 6:39:02",4,"Male",47,6,FALSE,4,1.53,0,4.38,1.8
4,TRUE,NA,TRUE,3,136,1,"Vibration",1,4,1,5,"Yes","alone",3,"2025-02-25 13:32:33",1,"Female",33,13,TRUE,5,1.87,1.8,3.92,1.6
4,TRUE,NA,TRUE,1,34,2,"Vibration",1,4,2,4,"Yes","friends",3,"2025-02-24 20:28:43",1,"Female",33,20,TRUE,4.8,1.87,1.8,3.92,1.6
4,TRUE,"Facebook",TRUE,-1,9,3,"SpotOverlay",2,5,3,5,"Yes","friends",1,"2025-02-26 18:03:29",1,"Female",33,18,TRUE,5,1.87,1.8,3.92,1.6
4,TRUE,"TikTok",TRUE,-3,520,2,"Pop-Up",3,4,3,5,"Yes","alone",0,"2025-02-20 1:27:05",1,"Female",33,1,TRUE,4.2,1.87,1.8,3.92,1.6
4,TRUE,"Facebook",TRUE,-3,495,1,"Pop-Up",6,4,1,7,"Yes","alone",5,"2025-02-20 7:02:56",1,"Female",33,7,TRUE,5,1.87,1.8,3.92,1.6
4,TRUE,"TikTok",TRUE,-3,247,1,"Vibration",7,5,1,2,"No","alone",0,"2025-02-21 4:36:17",1,"Female",33,4,TRUE,5,1.87,1.8,3.92,1.6
4,TRUE,"TikTok",TRUE,-3,66,1,"Vibration",7,5,1,3,"No","alone",0,"2025-02-21 4:53:17",1,"Female",33,4,TRUE,4.4,1.87,1.8,3.92,1.6
4,TRUE,"TikTok",TRUE,-1,109,1,"Pop-Up",1,5,2,4,"Yes","alone",0,"2025-02-23 19:50:59",1,"Female",33,19,FALSE,4.4,1.87,1.8,3.92,1.6
5,TRUE,"TikTok",TRUE,3,190,4,"Vibration",1,3,5,4,"No","alone",4,"2025-02-23 15:51:30",5,"Male",19,15,FALSE,3,2.27,1.4,2.62,1
5,TRUE,"TikTok",TRUE,-3,207,3,"SpotOverlay",1,3,3,4,"No","alone",2,"2025-02-26 18:54:17",4,"Male",19,18,TRUE,4,2.27,1.4,2.62,1
5,TRUE,"TikTok",TRUE,-3,35,5,"SpotOverlay",4,3,5,4,"No","alone",5,"2025-02-20 23:39:29",6,"Male",19,23,TRUE,2.4,2.27,1.4,2.62,1
5,TRUE,"TikTok",TRUE,3,146,4,"SpotOverlay",1,3,5,6,"No","alone",5,"2025-02-23 16:22:57",5,"Male",19,16,FALSE,3.4,2.27,1.4,2.62,1
5,TRUE,"TikTok",TRUE,3,5,6,"Pop-Up",2,4,6,6,"No","friends",4,"2025-02-23 12:50:05",6,"Male",19,12,FALSE,3,2.27,1.4,2.62,1
8,TRUE,NA,TRUE,-2,1,2,"Vibration",5,2,3,5,"No","alone",6,"2025-02-22 1:49:13",3,"Male",33,1,FALSE,3.8,2.53,2.4,2.15,3
8,TRUE,"YouTube",TRUE,-3,1071,5,"Vibration",5,3,3,3,"No","alone",5,"2025-02-23 23:52:24",4,"Male",33,23,FALSE,3.8,2.53,2.4,2.15,3
8,TRUE,"YouTube",TRUE,-2,3755,4,"Vibration",6,2,5,3,"No","alone",5,"2025-02-25 0:32:47",3,"Male",33,0,TRUE,3.6,2.53,2.4,2.15,3
8,TRUE,NA,TRUE,-1,8,2,"Pop-Up",4,3,2,3,"No","alone",4,"2025-02-24 7:48:08",5,"Male",33,7,TRUE,3,2.53,2.4,2.15,3
8,TRUE,NA,TRUE,-2,1,2,"SpotOverlay",2,2,4,3,"Yes","alone",6,"2025-02-23 21:50:49",5,"Male",33,21,FALSE,3.8,2.53,2.4,2.15,3
8,TRUE,NA,TRUE,-2,0,2,"Vibration",5,2,4,3,"Yes","alone",3,"2025-02-24 0:12:12",3,"Male",33,0,TRUE,3.6,2.53,2.4,2.15,3
8,TRUE,NA,TRUE,-2,0,1,"Pop-Up",4,3,4,4,"No","alone",4,"2025-02-23 8:27:01",2,"Male",33,8,FALSE,4,2.53,2.4,2.15,3
8,TRUE,NA,TRUE,-3,11,3,"SpotOverlay",3,3,5,4,"No","alone",4,"2025-02-24 10:07:05",5,"Male",33,10,TRUE,3.4,2.53,2.4,2.15,3
8,TRUE,"YouTube",TRUE,1,216,5,"SpotOverlay",2,3,5,4,"Yes","alone",4,"2025-02-24 11:46:02",4,"Male",33,11,TRUE,2.6,2.53,2.4,2.15,3
8,TRUE,"YouTube",TRUE,-1,177,2,"Vibration",2,2,5,2,"Yes","alone",6,"2025-02-24 12:18:57",4,"Male",33,12,TRUE,3.2,2.53,2.4,2.15,3
8,TRUE,"YouTube",TRUE,1,36,5,"Pop-Up",2,3,5,5,"Yes","alone",5,"2025-02-24 17:00:59",5,"Male",33,17,TRUE,2.8,2.53,2.4,2.15,3
8,TRUE,NA,TRUE,2,3,3,"SpotOverlay",2,3,5,3,"Yes","alone",2,"2025-02-24 18:45:54",4,"Male",33,18,TRUE,3.6,2.53,2.4,2.15,3
8,TRUE,NA,TRUE,-2,133,4,"Vibration",6,3,5,3,"No","alone",5,"2025-02-24 22:53:31",4,"Male",33,22,TRUE,2.8,2.53,2.4,2.15,3
8,TRUE,NA,TRUE,1,1,5,"Pop-Up",3,3,5,5,"Yes","alone",3,"2025-02-24 17:21:09",3,"Male",33,17,TRUE,3,2.53,2.4,2.15,3
13,TRUE,NA,TRUE,1,3,1,"Vibration",1,3,1,2,"Yes","alone",4,"2025-02-27 14:37:51",1,"Male",31,14,TRUE,4.4,1.8,2,3.54,3.6
13,TRUE,"YouTube",TRUE,-2,120,1,"Pop-Up",4,3,1,5,"No","alone",3,"2025-02-27 17:48:01",1,"Male",31,17,TRUE,4.2,1.8,2,3.54,3.6
13,TRUE,NA,TRUE,-3,0,4,"Vibration",7,5,5,4,"Yes","alone",0,"2025-02-27 12:43:16",1,"Male",31,12,TRUE,3,1.8,2,3.54,3.6
13,TRUE,NA,TRUE,-3,1,1,"SpotOverlay",6,3,1,1,"Yes","alone",0,"2025-03-02 8:29:44",1,"Male",31,8,FALSE,4.6,1.8,2,3.54,3.6
13,TRUE,NA,TRUE,-3,6,4,"Pop-Up",7,3,3,4,"Yes","alone",0,"2025-02-24 20:41:52",5,"Male",31,20,TRUE,3.8,1.8,2,3.54,3.6
13,TRUE,"YouTube",TRUE,-3,24,2,"Vibration",7,3,1,1,"No","alone",0,"2025-02-24 20:59:24",6,"Male",31,20,TRUE,4.6,1.8,2,3.54,3.6
13,TRUE,NA,TRUE,-3,1,4,"Pop-Up",1,5,2,2,"Yes","alone",0,"2025-02-25 15:12:58",1,"Male",31,15,TRUE,4.2,1.8,2,3.54,3.6
13,TRUE,NA,TRUE,-3,1,7,"Vibration",1,5,4,4,"Yes","alone",0,"2025-02-25 10:23:27",1,"Male",31,10,TRUE,4.4,1.8,2,3.54,3.6
13,TRUE,NA,TRUE,-3,3,1,"Pop-Up",1,3,1,4,"Yes","alone",0,"2025-02-25 12:59:41",1,"Male",31,12,TRUE,3.8,1.8,2,3.54,3.6
14,TRUE,"TikTok",TRUE,-3,62,3,"SpotOverlay",7,4,2,2,"No","alone",3,"2025-03-03 0:50:18",3,"Male",37,0,TRUE,4.8,1.87,0.4,3.15,3.4
14,TRUE,"TikTok",TRUE,0,489,3,"Vibration",8,3,3,1,"No","alone",3,"2025-02-26 1:12:22",5,"Male",37,1,TRUE,5,1.87,0.4,3.15,3.4
14,TRUE,NA,TRUE,-1,1,2,"Pop-Up",3,4,3,3,"No","alone",4,"2025-03-02 15:01:18",2,"Male",37,15,FALSE,4.6,1.87,0.4,3.15,3.4
14,TRUE,NA,TRUE,0,6,3,"Pop-Up",6,3,4,5,"No","alone",5,"2025-03-02 0:32:18",3,"Male",37,0,FALSE,4.2,1.87,0.4,3.15,3.4
14,TRUE,"TikTok",TRUE,-2,817,3,"Vibration",7,3,3,3,"No","alone",2,"2025-03-01 1:10:50",4,"Male",37,1,FALSE,4,1.87,0.4,3.15,3.4
14,TRUE,NA,TRUE,-2,3,3,"Pop-Up",7,3,3,3,"No","alone",4,"2025-02-28 0:19:22",3,"Male",37,0,TRUE,4.2,1.87,0.4,3.15,3.4
14,TRUE,"TikTok",TRUE,-2,83,2,"SpotOverlay",7,4,2,3,"No","alone",2,"2025-02-25 0:54:37",2,"Male",37,0,TRUE,4.8,1.87,0.4,3.15,3.4
16,TRUE,"Facebook",TRUE,3,5,7,"Pop-Up",4,5,7,7,"Yes","alone",8,"2025-02-28 9:25:27",7,"Female",37,9,TRUE,5,2.87,2.8,2.46,5
16,TRUE,"Instagram",TRUE,-3,31,6,"SpotOverlay",6,5,2,3,"Yes","friends",0,"2025-03-03 21:53:01",1,"Female",37,21,TRUE,3.2,2.87,2.8,2.46,5
16,TRUE,"Facebook",TRUE,3,19,7,"Vibration",5,5,7,7,"Yes","alone",8,"2025-03-03 14:18:40",7,"Female",37,14,TRUE,4.4,2.87,2.8,2.46,5
16,TRUE,"Instagram",TRUE,-2,24,5,"Vibration",2,5,4,6,"No","alone",5,"2025-02-26 8:58:51",6,"Female",37,8,TRUE,4,2.87,2.8,2.46,5
16,TRUE,"TikTok",TRUE,-1,75,7,"Vibration",7,5,7,7,"No","alone",3,"2025-02-26 8:14:15",7,"Female",37,8,TRUE,4.4,2.87,2.8,2.46,5
16,TRUE,"Instagram",TRUE,-3,21,6,"Vibration",6,4,6,6,"No","alone",1,"2025-02-26 7:18:08",6,"Female",37,7,TRUE,3.6,2.87,2.8,2.46,5
16,TRUE,"Facebook",TRUE,-3,16,7,"Vibration",5,4,7,6,"No","alone",1,"2025-02-25 17:32:33",7,"Female",37,17,TRUE,2,2.87,2.8,2.46,5
16,TRUE,NA,TRUE,3,0,7,"SpotOverlay",7,5,7,7,"Yes","alone",7,"2025-02-28 11:31:16",7,"Female",37,11,TRUE,5,2.87,2.8,2.46,5
16,TRUE,"TikTok",TRUE,-3,25,6,"Vibration",7,5,7,7,"Yes","alone",7,"2025-02-26 14:02:37",6,"Female",37,14,TRUE,4,2.87,2.8,2.46,5
16,TRUE,"Facebook",TRUE,3,6,7,"Vibration",1,5,7,7,"Yes","alone",7,"2025-02-26 12:49:37",7,"Female",37,12,TRUE,4,2.87,2.8,2.46,5
16,TRUE,"Facebook",TRUE,-3,20,6,"Vibration",5,5,7,7,"Yes","friends",4,"2025-02-26 17:50:16",6,"Female",37,17,TRUE,2.4,2.87,2.8,2.46,5
19,TRUE,"Instagram",TRUE,2,0,5,"Vibration",8,4,5,5,"No","alone",4,"2025-03-02 23:30:55",5,"Male",32,23,FALSE,4,1.93,1,3.77,3.2
19,TRUE,"Instagram",TRUE,2,29,5,"SpotOverlay",4,4,5,5,"No","alone",2,"2025-02-28 9:26:14",5,"Male",32,9,TRUE,4,1.93,1,3.77,3.2
19,TRUE,NA,TRUE,2,0,6,"Vibration",3,4,6,6,"Yes","alone",4,"2025-03-04 17:13:44",6,"Male",32,17,TRUE,4,1.93,1,3.77,3.2
19,TRUE,NA,TRUE,2,0,5,"Pop-Up",5,4,5,5,"Yes","alone",7,"2025-03-03 18:27:32",5,"Male",32,18,TRUE,4,1.93,1,3.77,3.2
19,TRUE,NA,TRUE,2,54,5,"SpotOverlay",2,4,5,5,"No","alone",1,"2025-02-27 9:44:26",5,"Male",32,9,TRUE,4,1.93,1,3.77,3.2
19,TRUE,NA,TRUE,2,3,5,"Pop-Up",6,3,5,5,"Yes","alone",4,"2025-02-28 22:51:44",5,"Male",32,22,TRUE,4,1.93,1,3.77,3.2
19,TRUE,NA,TRUE,2,33,5,"Vibration",1,5,5,6,"No","alone",1,"2025-02-26 11:51:56",5,"Male",32,11,TRUE,4,1.93,1,3.77,3.2
19,TRUE,"Instagram",TRUE,2,0,5,"Pop-Up",4,4,4,4,"No","alone",4,"2025-02-26 16:57:51",5,"Male",32,16,TRUE,4,1.93,1,3.77,3.2
19,TRUE,"Instagram",TRUE,2,87,5,"SpotOverlay",5,4,5,5,"No","alone",2,"2025-02-27 18:36:40",5,"Male",32,18,TRUE,4,1.93,1,3.77,3.2
19,TRUE,NA,TRUE,2,15,5,"Pop-Up",6,4,5,5,"Yes","alone",6,"2025-02-26 21:13:03",5,"Male",32,21,TRUE,4,1.93,1,3.77,3.2
19,TRUE,"Facebook",TRUE,2,34,6,"Vibration",6,4,6,6,"No","alone",2,"2025-02-25 21:56:18",6,"Male",32,21,TRUE,4,1.93,1,3.77,3.2
19,TRUE,"Facebook",TRUE,2,51,5,"SpotOverlay",8,3,5,4,"No","alone",2,"2025-02-27 0:27:27",5,"Male",32,0,TRUE,4,1.93,1,3.77,3.2
19,TRUE,"Facebook",TRUE,2,12,5,"Vibration",5,4,5,5,"No","alone",2,"2025-02-26 18:22:13",5,"Male",32,18,TRUE,4,1.93,1,3.77,3.2
19,TRUE,"Facebook",TRUE,1,10,5,"Pop-Up",7,3,4,4,"No","alone",1,"2025-02-25 23:35:25",5,"Male",32,23,TRUE,4,1.93,1,3.77,3.2
20,TRUE,NA,TRUE,1,0,1,"Pop-Up",1,5,7,5,"No","alone",1,"2025-02-25 9:36:13",7,"Female",25,9,TRUE,2.4,2.73,0,2.85,2
20,TRUE,NA,TRUE,-1,8,6,"Vibration",2,4,6,6,"No","alone",2,"2025-03-02 8:18:05",6,"Female",25,8,FALSE,2.4,2.73,0,2.85,2
20,TRUE,"TikTok",TRUE,1,0,5,"SpotOverlay",2,4,2,5,"Yes","alone",3,"2025-03-01 18:01:40",5,"Female",25,18,FALSE,4,2.73,0,2.85,2
20,TRUE,"YouTube",TRUE,-1,220,5,"SpotOverlay",3,4,4,3,"Yes","alone",3,"2025-02-27 7:50:39",5,"Female",25,7,TRUE,4,2.73,0,2.85,2
20,TRUE,"YouTube",TRUE,1,1,4,"Pop-Up",1,5,7,3,"No","alone",1,"2025-02-25 9:54:12",7,"Female",25,9,TRUE,3.4,2.73,0,2.85,2
20,TRUE,"YouTube",TRUE,-1,18,3,"Vibration",4,4,6,2,"No","alone",3,"2025-02-27 7:30:27",6,"Female",25,7,TRUE,4,2.73,0,2.85,2
20,TRUE,"YouTube",TRUE,-2,14,6,"Vibration",5,5,5,5,"No","friends",2,"2025-03-02 18:45:32",6,"Female",25,18,FALSE,2.2,2.73,0,2.85,2
21,TRUE,"YouTube",TRUE,-3,19,4,"Vibration",1,2,3,4,"No","alone",7,"2025-03-02 13:36:17",5,"Female",44,13,FALSE,5,2.73,2.6,1.46,3.6
21,TRUE,"YouTube",FALSE,3,838,1,"SpotOverlay",3,1,1,1,"Yes","friends",7,"2025-02-26 13:01:54",1,"Female",44,13,TRUE,5,2.73,2.6,1.46,3.6
21,TRUE,NA,TRUE,-2,0,7,"Vibration",1,5,4,3,"Yes","alone",3,"2025-03-01 11:40:42",6,"Female",44,11,FALSE,3.8,2.73,2.6,1.46,3.6
21,TRUE,NA,TRUE,-3,0,7,"Pop-Up",2,3,5,4,"No","alone",7,"2025-03-04 15:18:58",7,"Female",44,15,TRUE,3.6,2.73,2.6,1.46,3.6
21,TRUE,NA,FALSE,2,37,4,"Pop-Up",3,3,3,3,"Yes","friends",5,"2025-02-26 13:45:19",4,"Female",44,13,TRUE,5,2.73,2.6,1.46,3.6
21,TRUE,"YouTube",TRUE,-3,7,1,"Vibration",1,5,1,7,"No","alone",5,"2025-03-02 14:05:24",1,"Female",44,14,FALSE,5,2.73,2.6,1.46,3.6
21,TRUE,NA,TRUE,-3,1912,5,"Vibration",6,4,4,5,"Yes","alone",3,"2025-02-26 23:32:56",5,"Female",44,23,TRUE,4,2.73,2.6,1.46,3.6
21,TRUE,"YouTube",FALSE,3,7,1,"Pop-Up",2,2,2,2,"Yes","friends",8,"2025-02-26 13:44:39",1,"Female",44,13,TRUE,5,2.73,2.6,1.46,3.6
21,TRUE,NA,TRUE,-3,0,6,"SpotOverlay",7,2,4,7,"No","alone",7,"2025-03-02 4:53:31",5,"Female",44,4,FALSE,5,2.73,2.6,1.46,3.6
21,TRUE,NA,FALSE,-3,0,3,"Pop-Up",5,5,3,7,"Yes","alone",2,"2025-02-28 13:24:48",2,"Female",44,13,TRUE,5,2.73,2.6,1.46,3.6
21,TRUE,"YouTube",TRUE,3,0,2,"SpotOverlay",1,3,6,2,"Yes","friends",8,"2025-02-27 14:40:12",1,"Female",44,14,TRUE,4.2,2.73,2.6,1.46,3.6
21,TRUE,NA,TRUE,-3,0,1,"Pop-Up",8,3,1,7,"Yes","alone",8,"2025-03-02 4:26:54",1,"Female",44,4,FALSE,4.6,2.73,2.6,1.46,3.6
21,TRUE,NA,TRUE,-3,0,7,"Pop-Up",5,5,6,3,"Yes","friends",4,"2025-03-02 21:22:50",7,"Female",44,21,FALSE,3.6,2.73,2.6,1.46,3.6
21,TRUE,NA,FALSE,2,0,2,"SpotOverlay",5,3,2,6,"Yes","friends",9,"2025-02-26 11:55:41",1,"Female",44,11,TRUE,4.8,2.73,2.6,1.46,3.6
21,TRUE,NA,TRUE,-3,0,4,"SpotOverlay",7,3,3,3,"Yes","alone",7,"2025-03-02 3:17:00",4,"Female",44,3,FALSE,4.6,2.73,2.6,1.46,3.6
22,TRUE,"YouTube",FALSE,-2,233,3,"Vibration",6,3,4,3,"No","alone",1,"2025-02-27 14:12:36",5,"Male",29,14,TRUE,4.2,2.33,1.8,2.08,2.6
22,TRUE,"YouTube",FALSE,-1,216,4,"Vibration",4,3,3,3,"No","alone",1,"2025-03-04 14:18:18",5,"Male",29,14,TRUE,4.4,2.33,1.8,2.08,2.6
22,TRUE,NA,FALSE,-2,193,5,"SpotOverlay",3,3,3,4,"No","alone",1,"2025-02-28 11:29:42",4,"Male",29,11,TRUE,4.4,2.33,1.8,2.08,2.6
22,TRUE,"YouTube",FALSE,-1,272,4,"SpotOverlay",4,3,4,3,"No","alone",3,"2025-02-26 12:24:14",5,"Male",29,12,TRUE,4,2.33,1.8,2.08,2.6
22,TRUE,NA,FALSE,-2,744,4,"Pop-Up",4,3,3,3,"No","alone",0,"2025-03-04 12:15:57",5,"Male",29,12,TRUE,4.4,2.33,1.8,2.08,2.6
22,TRUE,"YouTube",FALSE,-2,4,4,"Pop-Up",6,3,3,3,"No","alone",1,"2025-03-03 11:21:45",6,"Male",29,11,TRUE,4,2.33,1.8,2.08,2.6
23,TRUE,NA,FALSE,2,2,5,"Pop-Up",4,3,5,5,"Yes","friends",6,"2025-03-03 18:41:46",5,"Male",27,18,TRUE,4,2.47,1.6,3.31,3.2
23,TRUE,NA,FALSE,1,16,5,"Pop-Up",4,4,5,5,"No","friends",4,"2025-03-04 16:32:37",5,"Male",27,16,TRUE,4,2.47,1.6,3.31,3.2
23,TRUE,"Instagram",TRUE,-1,2079,3,"Vibration",3,3,3,3,"Yes","friends",4,"2025-03-02 12:57:15",4,"Male",27,12,FALSE,4,2.47,1.6,3.31,3.2
23,TRUE,"Instagram",FALSE,1,12,5,"Vibration",4,4,5,5,"Yes","alone",6,"2025-03-01 14:09:39",4,"Male",27,14,FALSE,4,2.47,1.6,3.31,3.2
23,TRUE,NA,TRUE,-1,7,5,"Pop-Up",4,4,6,6,"No","alone",4,"2025-02-27 15:06:05",6,"Male",27,15,TRUE,3.6,2.47,1.6,3.31,3.2
23,TRUE,"Instagram",TRUE,-1,528,5,"Pop-Up",1,4,5,5,"No","alone",3,"2025-03-01 11:31:10",5,"Male",27,11,FALSE,3.8,2.47,1.6,3.31,3.2
23,TRUE,NA,FALSE,0,1,4,"Pop-Up",5,3,4,4,"Yes","alone",3,"2025-03-01 13:46:30",4,"Male",27,13,FALSE,4,2.47,1.6,3.31,3.2
23,TRUE,"Instagram",FALSE,1,465,4,"Pop-Up",3,4,5,4,"No","friends",5,"2025-03-05 9:26:59",5,"Male",27,9,TRUE,4,2.47,1.6,3.31,3.2
23,TRUE,"TikTok",TRUE,-2,32,4,"Vibration",7,2,3,5,"No","alone",3,"2025-02-26 15:31:29",5,"Male",27,15,TRUE,3.8,2.47,1.6,3.31,3.2
23,TRUE,"TikTok",TRUE,-1,18,3,"SpotOverlay",6,3,4,4,"No","alone",3,"2025-02-26 15:12:18",5,"Male",27,15,TRUE,4.2,2.47,1.6,3.31,3.2
27,TRUE,"YouTube",TRUE,-2,0,4,"Vibration",3,4,5,5,"Yes","alone",4,"2025-02-28 16:51:31",4,"Female",60,16,TRUE,3,1.4,0.8,4.31,1
27,TRUE,"YouTube",TRUE,-2,0,4,"Pop-Up",4,3,4,5,"No","alone",4,"2025-02-27 23:40:10",4,"Female",60,23,TRUE,3,1.4,0.8,4.31,1
27,TRUE,"YouTube",TRUE,-3,0,4,"SpotOverlay",5,3,4,4,"No","alone",2,"2025-02-28 0:35:17",4,"Female",60,0,TRUE,3,1.4,0.8,4.31,1
27,TRUE,"YouTube",TRUE,-2,17,4,"Pop-Up",5,3,5,5,"No","alone",4,"2025-03-01 22:34:18",4,"Female",60,22,FALSE,3,1.4,0.8,4.31,1
27,TRUE,"YouTube",TRUE,-3,519,4,"Pop-Up",5,3,4,4,"No","alone",2,"2025-02-28 1:12:08",4,"Female",60,1,TRUE,3,1.4,0.8,4.31,1
30,TRUE,"TikTok",TRUE,-3,114,4,"Vibration",1,5,1,1,"No","alone",3,"2025-03-03 18:55:00",4,"Female",26,18,TRUE,5,2.4,1.8,2.08,2.8
30,TRUE,"TikTok",FALSE,3,707,7,"Pop-Up",9,5,7,7,"No","friends",10,"2025-03-06 19:27:05",7,"Female",26,19,TRUE,5,2.4,1.8,2.08,2.8
30,TRUE,"TikTok",TRUE,-3,0,1,"Vibration",1,1,1,7,"No","alone",0,"2025-03-04 15:58:43",1,"Female",26,15,TRUE,5,2.4,1.8,2.08,2.8
30,TRUE,"TikTok",TRUE,-3,1801,1,"Pop-Up",4,1,1,1,"No","alone",0,"2025-03-04 16:44:15",1,"Female",26,16,TRUE,5,2.4,1.8,2.08,2.8
30,TRUE,"TikTok",TRUE,-3,56,4,"SpotOverlay",2,5,4,1,"No","friends",2,"2025-03-04 23:20:58",4,"Female",26,23,TRUE,5,2.4,1.8,2.08,2.8
30,TRUE,"TikTok",FALSE,3,1016,7,"Pop-Up",9,5,7,7,"No","friends",10,"2025-03-05 10:12:36",7,"Female",26,10,TRUE,5,2.4,1.8,2.08,2.8
30,TRUE,"TikTok",TRUE,-3,28,1,"Vibration",1,1,1,1,"Yes","alone",0,"2025-03-05 7:20:10",1,"Female",26,7,TRUE,5,2.4,1.8,2.08,2.8
30,TRUE,"TikTok",TRUE,-3,12,7,"Vibration",3,3,1,1,"No","alone",0,"2025-03-05 6:41:36",4,"Female",26,6,TRUE,5,2.4,1.8,2.08,2.8
30,TRUE,"TikTok",TRUE,-3,32,7,"Vibration",4,3,1,1,"No","friends",0,"2025-03-05 6:25:55",7,"Female",26,6,TRUE,5,2.4,1.8,2.08,2.8
30,TRUE,"TikTok",TRUE,-3,66,1,"SpotOverlay",5,1,1,1,"No","alone",0,"2025-03-05 11:31:05",1,"Female",26,11,TRUE,5,2.4,1.8,2.08,2.8
30,TRUE,"YouTube",TRUE,-3,1021,1,"SpotOverlay",5,5,7,7,"Yes","friends",0,"2025-03-05 5:59:23",1,"Female",26,5,TRUE,5,2.4,1.8,2.08,2.8
30,TRUE,"TikTok",TRUE,-3,56,7,"Vibration",1,5,7,7,"Yes","alone",0,"2025-03-06 17:46:23",7,"Female",26,17,TRUE,5,2.4,1.8,2.08,2.8
30,TRUE,"TikTok",TRUE,0,37,7,"Vibration",5,3,1,1,"Yes","alone",5,"2025-03-05 9:40:10",7,"Female",26,9,TRUE,5,2.4,1.8,2.08,2.8
30,TRUE,"TikTok",FALSE,3,182,7,"Vibration",9,5,7,7,"No","friends",10,"2025-03-05 19:32:27",7,"Female",26,19,TRUE,5,2.4,1.8,2.08,2.8
30,TRUE,"TikTok",TRUE,-3,38,7,"Vibration",6,4,7,1,"No","alone",0,"2025-03-02 0:15:29",4,"Female",26,0,FALSE,2,2.4,1.8,2.08,2.8
30,TRUE,"TikTok",TRUE,-3,921,4,"Pop-Up",5,5,2,7,"No","alone",2,"2025-03-02 2:17:44",4,"Female",26,2,FALSE,4.8,2.4,1.8,2.08,2.8
30,TRUE,"TikTok",TRUE,-3,29,4,"Vibration",6,3,3,3,"No","alone",0,"2025-03-02 15:14:10",4,"Female",26,15,FALSE,3.2,2.4,1.8,2.08,2.8
30,TRUE,"YouTube",TRUE,-1,593,2,"Pop-Up",3,4,5,7,"Yes","alone",2,"2025-02-28 11:26:10",2,"Female",26,11,TRUE,2,2.4,1.8,2.08,2.8
30,TRUE,"TikTok",TRUE,-3,2303,7,"Pop-Up",5,5,7,7,"No","alone",0,"2025-03-02 16:27:53",1,"Female",26,16,FALSE,5,2.4,1.8,2.08,2.8
30,TRUE,"TikTok",TRUE,-3,3,7,"Pop-Up",9,4,2,3,"No","alone",0,"2025-03-01 14:25:47",7,"Female",26,14,FALSE,2.8,2.4,1.8,2.08,2.8
30,TRUE,"TikTok",TRUE,-3,4,4,"Pop-Up",2,3,3,5,"No","alone",0,"2025-03-02 22:58:30",4,"Female",26,22,FALSE,4,2.4,1.8,2.08,2.8
30,TRUE,"TikTok",TRUE,-3,462,7,"Pop-Up",3,5,7,1,"No","alone",0,"2025-03-02 1:29:48",7,"Female",26,1,FALSE,3,2.4,1.8,2.08,2.8
30,TRUE,"TikTok",TRUE,-3,42,4,"Vibration",5,3,2,3,"No","alone",0,"2025-03-02 20:07:14",4,"Female",26,20,FALSE,4.2,2.4,1.8,2.08,2.8
33,TRUE,"TikTok",TRUE,-1,571,3,"Pop-Up",5,3,4,5,"No","alone",4,"2025-03-02 14:30:53",3,"Male",19,14,FALSE,4.2,2.53,1.6,3,3.2
33,TRUE,NA,TRUE,3,2,5,"SpotOverlay",6,4,5,3,"Yes","alone",2,"2025-03-01 20:34:57",6,"Male",19,20,FALSE,2.8,2.53,1.6,3,3.2
33,TRUE,"TikTok",TRUE,2,119,3,"SpotOverlay",5,3,2,2,"No","alone",3,"2025-03-01 20:52:59",2,"Male",19,20,FALSE,4.6,2.53,1.6,3,3.2
33,TRUE,"TikTok",TRUE,-1,57,3,"SpotOverlay",2,3,2,4,"No","alone",2,"2025-03-02 13:54:42",3,"Male",19,13,FALSE,4.2,2.53,1.6,3,3.2
33,TRUE,"TikTok",TRUE,-1,4,2,"Pop-Up",2,2,4,4,"No","alone",2,"2025-03-04 19:58:26",3,"Male",19,19,TRUE,4.2,2.53,1.6,3,3.2
33,TRUE,"TikTok",TRUE,-1,12,4,"Vibration",7,3,3,3,"No","alone",6,"2025-03-05 2:25:35",5,"Male",19,2,TRUE,4.6,2.53,1.6,3,3.2
33,TRUE,"TikTok",TRUE,-2,20,2,"Vibration",4,3,3,3,"No","alone",5,"2025-03-03 19:11:43",3,"Male",19,19,TRUE,4.4,2.53,1.6,3,3.2
34,TRUE,"YouTube",TRUE,-3,29,5,"Vibration",3,3,4,6,"No","alone",3,"2025-03-04 21:46:17",3,"Female",53,21,TRUE,4.2,2.4,2.8,2.15,4.4
34,TRUE,"YouTube",TRUE,-3,4,6,"Pop-Up",6,4,3,7,"No","alone",3,"2025-03-04 20:40:56",3,"Female",53,20,TRUE,4.2,2.4,2.8,2.15,4.4
34,TRUE,"YouTube",TRUE,-3,39,6,"SpotOverlay",3,5,3,5,"No","friends",0,"2025-03-04 19:12:53",3,"Female",53,19,TRUE,3.8,2.4,2.8,2.15,4.4
34,TRUE,NA,TRUE,-3,1,3,"Pop-Up",5,4,5,7,"No","alone",0,"2025-03-02 20:04:11",3,"Female",53,20,FALSE,4,2.4,2.8,2.15,4.4
34,TRUE,NA,TRUE,-3,0,3,"Pop-Up",6,4,2,7,"No","alone",3,"2025-03-02 23:42:33",3,"Female",53,23,FALSE,4,2.4,2.8,2.15,4.4
34,TRUE,"YouTube",TRUE,-2,0,6,"SpotOverlay",6,4,3,6,"No","alone",1,"2025-03-02 18:55:58",2,"Female",53,18,FALSE,3,2.4,2.8,2.15,4.4
34,TRUE,"YouTube",TRUE,-2,61,6,"SpotOverlay",7,3,5,5,"No","alone",1,"2025-03-01 21:45:51",6,"Female",53,21,FALSE,3.2,2.4,2.8,2.15,4.4
34,TRUE,"YouTube",TRUE,-2,38,6,"Vibration",3,3,4,7,"No","alone",1,"2025-03-02 15:44:35",3,"Female",53,15,FALSE,3.6,2.4,2.8,2.15,4.4
36,TRUE,"TikTok",TRUE,-3,0,1,"Vibration",4,3,5,7,"No","friends",2,"2025-03-08 17:44:39",1,"Female",27,17,FALSE,5,2.27,3,2.38,3.6
36,TRUE,NA,FALSE,3,1,4,"SpotOverlay",3,3,5,6,"Yes","friends",4,"2025-03-05 13:38:07",2,"Female",27,13,TRUE,5,2.27,3,2.38,3.6
36,TRUE,"TikTok",TRUE,-3,0,4,"Vibration",1,3,3,6,"Yes","friends",0,"2025-03-02 13:40:29",3,"Female",27,13,FALSE,4.6,2.27,3,2.38,3.6
36,TRUE,"TikTok",TRUE,0,86,2,"Vibration",4,3,3,3,"Yes","alone",5,"2025-03-05 18:32:23",2,"Female",27,18,TRUE,5,2.27,3,2.38,3.6
36,TRUE,NA,FALSE,2,13,5,"Vibration",6,4,4,7,"Yes","friends",2,"2025-03-03 10:12:15",3,"Female",27,10,TRUE,5,2.27,3,2.38,3.6
36,TRUE,NA,FALSE,3,6,4,"Pop-Up",4,4,7,7,"Yes","friends",2,"2025-03-04 15:21:25",5,"Female",27,15,TRUE,5,2.27,3,2.38,3.6
36,TRUE,NA,FALSE,3,2,5,"Pop-Up",3,4,5,7,"Yes","friends",2,"2025-03-03 9:51:26",5,"Female",27,9,TRUE,5,2.27,3,2.38,3.6
36,TRUE,NA,TRUE,-1,3,4,"Pop-Up",2,3,4,5,"Yes","friends",3,"2025-03-02 16:34:37",2,"Female",27,16,FALSE,4.6,2.27,3,2.38,3.6
36,TRUE,NA,FALSE,2,8,4,"Vibration",6,4,5,6,"Yes","friends",1,"2025-03-03 15:29:16",3,"Female",27,15,TRUE,5,2.27,3,2.38,3.6
36,TRUE,"TikTok",TRUE,-3,19,4,"SpotOverlay",6,2,1,3,"Yes","friends",5,"2025-03-02 16:10:22",5,"Female",27,16,FALSE,5,2.27,3,2.38,3.6
36,TRUE,"TikTok",TRUE,1,10,5,"Pop-Up",6,4,7,7,"Yes","alone",3,"2025-03-02 20:07:20",5,"Female",27,20,FALSE,4.6,2.27,3,2.38,3.6
36,TRUE,NA,FALSE,1,6,4,"Vibration",3,2,3,2,"Yes","friends",2,"2025-03-03 10:39:42",3,"Female",27,10,TRUE,5,2.27,3,2.38,3.6
37,TRUE,NA,TRUE,-3,0,6,"Pop-Up",4,3,5,5,"No","alone",4,"2025-03-08 5:26:53",4,"Female",20,5,FALSE,3.8,2.2,2.6,2.92,4.8
37,TRUE,"YouTube",TRUE,-3,6,6,"Pop-Up",2,4,5,5,"Yes","alone",3,"2025-03-09 8:26:30",4,"Female",20,8,FALSE,3.2,2.2,2.6,2.92,4.8
37,TRUE,"TikTok",FALSE,2,275,6,"Pop-Up",7,2,3,6,"Yes","alone",7,"2025-03-02 14:49:52",5,"Female",20,14,FALSE,4.4,2.2,2.6,2.92,4.8
37,TRUE,NA,FALSE,-1,144,5,"SpotOverlay",6,2,3,3,"No","alone",8,"2025-03-03 12:49:58",5,"Female",20,12,TRUE,3.2,2.2,2.6,2.92,4.8
37,TRUE,"TikTok",TRUE,-2,205,5,"Vibration",4,3,5,4,"No","alone",4,"2025-03-08 8:17:28",4,"Female",20,8,FALSE,4.2,2.2,2.6,2.92,4.8
37,TRUE,"Instagram",FALSE,-2,17,6,"Vibration",4,3,6,5,"No","alone",7,"2025-03-03 12:08:40",6,"Female",20,12,TRUE,2.4,2.2,2.6,2.92,4.8
38,TRUE,"TikTok",TRUE,-3,7,2,"Pop-Up",6,1,2,2,"No","friends",6,"2025-03-08 22:02:49",2,"Male",37,22,FALSE,3.4,2.73,2.4,2.54,4
38,TRUE,"TikTok",TRUE,-3,276,3,"Vibration",6,1,4,3,"No","friends",6,"2025-03-08 21:46:39",4,"Male",37,21,FALSE,3.8,2.73,2.4,2.54,4
38,TRUE,"TikTok",TRUE,-3,186,6,"Vibration",5,3,4,6,"No","alone",4,"2025-03-02 23:54:57",4,"Male",37,23,FALSE,2.8,2.73,2.4,2.54,4
38,TRUE,"TikTok",TRUE,-1,168,3,"SpotOverlay",4,3,4,2,"No","friends",3,"2025-03-07 19:06:08",5,"Male",37,19,TRUE,2.6,2.73,2.4,2.54,4
38,TRUE,"TikTok",TRUE,-2,40,5,"Vibration",4,2,4,3,"No","alone",1,"2025-03-04 5:04:42",6,"Male",37,5,TRUE,2,2.73,2.4,2.54,4
38,TRUE,"TikTok",TRUE,-2,86,5,"Vibration",5,3,5,5,"No","alone",3,"2025-03-03 23:52:01",5,"Male",37,23,TRUE,1.8,2.73,2.4,2.54,4
38,TRUE,"TikTok",TRUE,-3,0,6,"Vibration",6,3,3,3,"No","friends",5,"2025-03-05 23:22:15",2,"Male",37,23,TRUE,2.4,2.73,2.4,2.54,4
38,TRUE,"TikTok",TRUE,-2,5,4,"Pop-Up",6,3,4,3,"No","alone",4,"2025-03-02 15:09:13",5,"Male",37,15,FALSE,2.4,2.73,2.4,2.54,4
38,TRUE,"TikTok",TRUE,-1,294,4,"Vibration",4,3,4,2,"No","friends",5,"2025-03-04 19:02:14",5,"Male",37,19,TRUE,2.6,2.73,2.4,2.54,4
39,TRUE,"TikTok",TRUE,-1,22,2,"SpotOverlay",7,2,3,1,"No","alone",5,"2025-03-03 5:18:04",4,"Male",20,5,TRUE,1.8,3,1.8,2.38,3.8
39,TRUE,"TikTok",TRUE,-2,19,5,"Vibration",6,4,5,3,"No","alone",3,"2025-03-04 22:47:05",5,"Male",20,22,TRUE,3.8,3,1.8,2.38,3.8
39,TRUE,"TikTok",TRUE,-3,20,1,"Pop-Up",5,2,1,2,"No","alone",5,"2025-03-05 5:13:38",1,"Male",20,5,TRUE,4.8,3,1.8,2.38,3.8
39,TRUE,"TikTok",TRUE,-2,295,6,"Pop-Up",6,4,5,6,"No","alone",4,"2025-03-05 5:06:32",4,"Male",20,5,TRUE,4,3,1.8,2.38,3.8
39,TRUE,"TikTok",TRUE,-3,11,5,"Pop-Up",7,4,5,7,"No","alone",4,"2025-03-05 4:26:25",5,"Male",20,4,TRUE,4,3,1.8,2.38,3.8
39,TRUE,"TikTok",TRUE,0,69,5,"SpotOverlay",8,4,5,6,"Yes","alone",5,"2025-03-03 16:05:34",4,"Male",20,16,TRUE,4.2,3,1.8,2.38,3.8
41,TRUE,"Facebook",TRUE,-2,21,1,"SpotOverlay",4,2,2,3,"No","friends",7,"2025-03-11 22:16:26",1,"Male",39,22,TRUE,4,1.6,0.8,3.46,1.6
41,TRUE,"Facebook",FALSE,-2,4,4,"Pop-Up",3,3,5,5,"No","alone",3,"2025-03-11 6:13:45",3,"Male",39,6,TRUE,3,1.6,0.8,3.46,1.6
41,TRUE,"Facebook",FALSE,-1,31,4,"Vibration",7,4,5,4,"No","alone",3,"2025-03-12 23:21:19",6,"Male",39,23,TRUE,3,1.6,0.8,3.46,1.6
41,TRUE,"Facebook",FALSE,0,58,5,"Vibration",7,3,5,4,"No","alone",2,"2025-03-10 22:53:08",5,"Male",39,22,TRUE,3.2,1.6,0.8,3.46,1.6
41,TRUE,"Facebook",TRUE,-3,44,4,"Vibration",6,3,4,4,"No","friends",0,"2025-03-09 23:17:30",4,"Male",39,23,FALSE,3.8,1.6,0.8,3.46,1.6
41,TRUE,"Facebook",TRUE,-1,24,4,"SpotOverlay",6,3,4,4,"No","alone",4,"2025-03-14 8:35:13",4,"Male",39,8,TRUE,3,1.6,0.8,3.46,1.6
42,TRUE,"TikTok",TRUE,2,200,4,"Vibration",6,3,5,7,"Yes","friends",6,"2025-03-13 23:57:07",4,"Female",40,23,TRUE,5,2.27,2,2.69,3.8
42,TRUE,"TikTok",TRUE,2,249,6,"Vibration",7,3,5,7,"Yes","friends",6,"2025-03-14 23:56:48",4,"Female",40,23,TRUE,5,2.27,2,2.69,3.8
42,TRUE,"TikTok",TRUE,-1,126,3,"SpotOverlay",8,3,3,5,"Yes","friends",5,"2025-03-12 11:46:37",2,"Female",40,11,TRUE,5,2.27,2,2.69,3.8
42,TRUE,"TikTok",TRUE,1,90,4,"Vibration",7,3,4,4,"Yes","friends",5,"2025-03-11 0:48:22",4,"Female",40,0,TRUE,5,2.27,2,2.69,3.8
42,TRUE,NA,TRUE,1,13,2,"Pop-Up",7,1,2,2,"Yes","friends",7,"2025-03-10 23:56:36",2,"Female",40,23,TRUE,5,2.27,2,2.69,3.8
42,TRUE,NA,TRUE,1,109,5,"SpotOverlay",7,3,3,1,"Yes","friends",7,"2025-03-14 0:16:48",3,"Female",40,0,TRUE,5,2.27,2,2.69,3.8
42,TRUE,NA,TRUE,1,5,4,"Pop-Up",7,3,6,7,"Yes","friends",6,"2025-03-10 23:35:10",4,"Female",40,23,TRUE,5,2.27,2,2.69,3.8
42,TRUE,NA,TRUE,1,278,4,"Vibration",7,3,5,6,"Yes","friends",6,"2025-03-14 0:40:06",4,"Female",40,0,TRUE,5,2.27,2,2.69,3.8
42,TRUE,"TikTok",TRUE,1,2043,4,"Pop-Up",7,3,5,6,"Yes","friends",6,"2025-03-10 0:31:03",4,"Female",40,0,TRUE,4.2,2.27,2,2.69,3.8
42,TRUE,"TikTok",TRUE,1,324,5,"Pop-Up",7,3,4,7,"Yes","friends",7,"2025-03-10 1:09:38",4,"Female",40,1,TRUE,5,2.27,2,2.69,3.8
42,TRUE,"TikTok",TRUE,1,34,4,"Vibration",7,3,6,7,"Yes","friends",6,"2025-03-10 0:47:49",4,"Female",40,0,TRUE,4,2.27,2,2.69,3.8
43,TRUE,"TikTok",TRUE,-3,3,7,"Pop-Up",9,3,7,7,"No","alone",1,"2025-03-12 7:13:31",7,"Male",39,7,TRUE,4,3,0.2,2.54,1.4
43,TRUE,"TikTok",TRUE,-3,17,7,"Vibration",8,3,7,7,"No","alone",1,"2025-03-14 7:05:49",7,"Male",39,7,TRUE,3,3,0.2,2.54,1.4
43,TRUE,"TikTok",TRUE,-2,7,7,"Vibration",8,4,7,7,"No","alone",2,"2025-03-14 7:21:42",7,"Male",39,7,TRUE,3,3,0.2,2.54,1.4
43,TRUE,"TikTok",TRUE,2,143,7,"Pop-Up",6,4,7,7,"Yes","alone",2,"2025-03-13 18:43:24",7,"Male",39,18,TRUE,4,3,0.2,2.54,1.4
43,TRUE,"TikTok",TRUE,1,151,7,"Pop-Up",3,4,7,7,"No","alone",2,"2025-03-10 13:27:45",7,"Male",39,13,TRUE,3.2,3,0.2,2.54,1.4
43,TRUE,"TikTok",TRUE,-1,61,3,"SpotOverlay",8,3,3,3,"Yes","alone",2,"2025-03-10 23:32:43",3,"Male",39,23,TRUE,4,3,0.2,2.54,1.4
43,TRUE,"TikTok",TRUE,1,3,7,"Pop-Up",2,4,7,7,"No","alone",2,"2025-03-10 16:06:15",7,"Male",39,16,TRUE,2,3,0.2,2.54,1.4
43,TRUE,"TikTok",TRUE,1,104,2,"SpotOverlay",2,3,3,3,"Yes","alone",1,"2025-03-13 8:51:06",2,"Male",39,8,TRUE,3,3,0.2,2.54,1.4
43,TRUE,"TikTok",TRUE,-2,4106,7,"Vibration",8,4,7,7,"Yes","alone",1,"2025-03-12 0:50:53",7,"Male",39,0,TRUE,3,3,0.2,2.54,1.4
43,TRUE,"TikTok",TRUE,1,27,2,"SpotOverlay",2,3,2,2,"Yes","alone",3,"2025-03-11 9:08:18",2,"Male",39,9,TRUE,3,3,0.2,2.54,1.4
43,TRUE,"TikTok",TRUE,2,57,2,"SpotOverlay",3,3,2,2,"Yes","alone",3,"2025-03-13 15:49:03",2,"Male",39,15,TRUE,2,3,0.2,2.54,1.4
43,TRUE,"TikTok",TRUE,-2,7,7,"Vibration",8,4,7,7,"No","alone",2,"2025-03-11 6:13:17",7,"Male",39,6,TRUE,3,3,0.2,2.54,1.4
43,TRUE,"TikTok",TRUE,-1,25,3,"Vibration",6,3,3,3,"No","alone",0,"2025-03-10 1:26:50",2,"Male",39,1,TRUE,3,3,0.2,2.54,1.4
43,TRUE,"TikTok",TRUE,-2,10,7,"Pop-Up",8,4,7,7,"No","alone",2,"2025-03-11 5:40:36",7,"Male",39,5,TRUE,3,3,0.2,2.54,1.4
43,TRUE,"TikTok",TRUE,2,4,7,"Pop-Up",4,3,7,7,"Yes","alone",4,"2025-03-15 6:06:31",7,"Male",39,6,FALSE,3,3,0.2,2.54,1.4
43,TRUE,"TikTok",TRUE,-3,4,7,"Pop-Up",9,3,7,7,"No","alone",0,"2025-03-15 6:06:31",7,"Male",39,6,FALSE,3,3,0.2,2.54,1.4
43,TRUE,"TikTok",TRUE,2,12,7,"Vibration",3,4,7,7,"Yes","alone",3,"2025-03-10 17:49:17",7,"Male",39,17,TRUE,1.8,3,0.2,2.54,1.4
43,TRUE,"TikTok",TRUE,0,121,2,"SpotOverlay",4,4,2,3,"No","alone",3,"2025-03-11 17:24:29",2,"Male",39,17,TRUE,3,3,0.2,2.54,1.4
43,TRUE,"TikTok",TRUE,-3,44,2,"SpotOverlay",9,2,2,2,"No","alone",0,"2025-03-15 5:50:41",2,"Male",39,5,FALSE,3,3,0.2,2.54,1.4
43,TRUE,"TikTok",TRUE,2,541,7,"Vibration",6,5,7,7,"Yes","alone",3,"2025-03-10 19:30:31",7,"Male",39,19,TRUE,3.2,3,0.2,2.54,1.4
43,TRUE,"TikTok",TRUE,-2,57,2,"SpotOverlay",8,3,2,2,"Yes","alone",4,"2025-03-13 6:48:06",2,"Male",39,6,TRUE,3,3,0.2,2.54,1.4
43,TRUE,"TikTok",TRUE,1,11,7,"Vibration",9,4,7,7,"No","alone",5,"2025-03-13 3:02:26",7,"Male",39,3,TRUE,3,3,0.2,2.54,1.4
43,TRUE,"TikTok",TRUE,-2,161,2,"SpotOverlay",6,3,2,1,"No","alone",6,"2025-03-10 8:28:26",3,"Male",39,8,TRUE,4.4,3,0.2,2.54,1.4
43,TRUE,NA,TRUE,1,0,2,"SpotOverlay",6,3,2,2,"Yes","alone",3,"2025-03-13 22:46:23",2,"Male",39,22,TRUE,3,3,0.2,2.54,1.4
43,TRUE,NA,TRUE,2,1,7,"Vibration",3,4,7,7,"Yes","alone",1,"2025-03-14 10:29:49",7,"Male",39,10,TRUE,3,3,0.2,2.54,1.4
43,TRUE,"TikTok",TRUE,-2,12,7,"Vibration",7,3,7,7,"No","alone",1,"2025-03-11 5:56:55",7,"Male",39,5,TRUE,3,3,0.2,2.54,1.4
44,TRUE,"YouTube",FALSE,-1,0,5,"Pop-Up",3,3,2,6,"Yes","friends",3,"2025-03-10 13:54:53",1,"Male",20,13,TRUE,4,2.27,0,2.15,3.4
44,TRUE,NA,FALSE,-2,0,5,"Pop-Up",1,5,2,6,"Yes","friends",1,"2025-03-13 21:19:48",5,"Male",20,21,TRUE,4.2,2.27,0,2.15,3.4
44,TRUE,NA,TRUE,-2,24,2,"SpotOverlay",3,4,4,7,"No","friends",3,"2025-03-15 10:02:09",1,"Male",20,10,FALSE,4.2,2.27,0,2.15,3.4
44,TRUE,"YouTube",TRUE,-3,0,2,"SpotOverlay",1,4,1,7,"Yes","alone",0,"2025-03-15 14:16:33",1,"Male",20,14,FALSE,5,2.27,0,2.15,3.4
44,TRUE,NA,TRUE,-3,0,5,"Vibration",2,3,2,1,"Yes","alone",1,"2025-03-10 9:53:18",2,"Male",20,9,TRUE,4,2.27,0,2.15,3.4
44,TRUE,"YouTube",TRUE,-3,11,2,"Pop-Up",2,4,2,6,"Yes","alone",0,"2025-03-10 9:36:09",1,"Male",20,9,TRUE,4.4,2.27,0,2.15,3.4
44,TRUE,"YouTube",TRUE,-3,3,3,"Pop-Up",4,4,3,5,"Yes","alone",1,"2025-03-10 9:19:54",3,"Male",20,9,TRUE,4,2.27,0,2.15,3.4
44,TRUE,NA,TRUE,-3,564,2,"SpotOverlay",2,5,1,7,"Yes","friends",0,"2025-03-16 19:14:31",2,"Male",20,19,FALSE,5,2.27,0,2.15,3.4
46,TRUE,"Facebook",TRUE,-3,38,4,"Pop-Up",6,4,4,6,"Yes","alone",3,"2025-03-14 17:25:02",3,"Non-binary",32,17,TRUE,3.6,2.67,2,3,3.4
46,TRUE,"Facebook",TRUE,-3,0,4,"Vibration",4,3,2,6,"Yes","alone",2,"2025-03-14 11:16:05",2,"Non-binary",32,11,TRUE,4.2,2.67,2,3,3.4
46,TRUE,"Facebook",TRUE,-3,61,4,"SpotOverlay",3,4,3,6,"Yes","alone",1,"2025-03-17 14:31:27",2,"Non-binary",32,14,TRUE,3.6,2.67,2,3,3.4
46,TRUE,"Facebook",TRUE,-3,8,4,"Pop-Up",4,3,2,5,"No","friends",1,"2025-03-16 18:20:50",2,"Non-binary",32,18,FALSE,4.2,2.67,2,3,3.4
46,TRUE,"Facebook",TRUE,-3,78,4,"SpotOverlay",7,3,4,3,"No","friends",2,"2025-03-17 20:40:43",5,"Non-binary",32,20,TRUE,3.6,2.67,2,3,3.4
46,TRUE,"Facebook",TRUE,-3,135,4,"SpotOverlay",4,4,2,6,"No","friends",0,"2025-03-16 18:03:39",2,"Non-binary",32,18,FALSE,4.2,2.67,2,3,3.4
46,TRUE,"Facebook",TRUE,-3,71,5,"SpotOverlay",6,4,5,4,"No","alone",0,"2025-03-17 9:16:15",4,"Non-binary",32,9,TRUE,3.6,2.67,2,3,3.4
46,TRUE,"Facebook",TRUE,-3,178,4,"Pop-Up",7,2,4,4,"No","alone",7,"2025-03-11 15:52:58",5,"Non-binary",32,15,TRUE,2.6,2.67,2,3,3.4
46,TRUE,"Facebook",TRUE,-3,105,4,"SpotOverlay",4,4,2,5,"No","alone",0,"2025-03-13 18:42:40",2,"Non-binary",32,18,TRUE,3.4,2.67,2,3,3.4
46,TRUE,"Facebook",TRUE,-3,85,4,"SpotOverlay",7,4,5,5,"Yes","alone",4,"2025-03-13 11:06:40",3,"Non-binary",32,11,TRUE,3.2,2.67,2,3,3.4
46,TRUE,"Facebook",FALSE,-1,16,3,"Pop-Up",7,3,3,4,"No","friends",5,"2025-03-12 14:09:35",2,"Non-binary",32,14,TRUE,3.4,2.67,2,3,3.4
46,TRUE,NA,FALSE,-1,3,3,"Pop-Up",7,3,3,4,"No","friends",5,"2025-03-12 14:11:22",2,"Non-binary",32,14,TRUE,3.6,2.67,2,3,3.4
49,TRUE,"Facebook",FALSE,1,0,6,"Pop-Up",4,4,6,6,"Yes","friends",7,"2025-03-17 11:15:11",6,"Male",44,11,TRUE,2.2,2.93,1.8,2.46,3.2
49,TRUE,NA,TRUE,-2,0,4,"Pop-Up",6,2,5,4,"Yes","alone",5,"2025-03-14 13:57:50",5,"Male",44,13,TRUE,3,2.93,1.8,2.46,3.2
49,TRUE,NA,FALSE,2,15,5,"Vibration",6,3,6,6,"Yes","friends",6,"2025-03-18 15:51:07",5,"Male",44,15,TRUE,2.2,2.93,1.8,2.46,3.2
49,TRUE,NA,FALSE,1,9,5,"Pop-Up",4,4,5,5,"No","friends",4,"2025-03-17 10:11:23",5,"Male",44,10,TRUE,2.4,2.93,1.8,2.46,3.2
49,TRUE,"Facebook",TRUE,0,47,4,"Vibration",5,3,2,3,"No","friends",3,"2025-03-16 9:20:47",3,"Male",44,9,FALSE,4.4,2.93,1.8,2.46,3.2
49,TRUE,NA,TRUE,-3,14,2,"Vibration",6,2,2,2,"Yes","friends",5,"2025-03-14 21:23:58",4,"Male",44,21,TRUE,3.4,2.93,1.8,2.46,3.2
49,TRUE,NA,TRUE,1,0,5,"Vibration",4,3,4,5,"Yes","friends",4,"2025-03-16 10:04:57",4,"Male",44,10,FALSE,3.8,2.93,1.8,2.46,3.2
49,TRUE,NA,TRUE,0,0,2,"SpotOverlay",5,2,3,3,"Yes","friends",5,"2025-03-16 14:27:23",2,"Male",44,14,FALSE,4.2,2.93,1.8,2.46,3.2
49,TRUE,NA,FALSE,1,4,5,"Pop-Up",7,2,4,4,"No","friends",6,"2025-03-17 16:25:24",5,"Male",44,16,TRUE,3.2,2.93,1.8,2.46,3.2
49,TRUE,NA,TRUE,-1,133,3,"SpotOverlay",5,2,3,3,"No","friends",5,"2025-03-15 9:26:37",3,"Male",44,9,FALSE,4,2.93,1.8,2.46,3.2
49,TRUE,NA,TRUE,-3,6,5,"Pop-Up",5,4,5,5,"Yes","friends",5,"2025-03-15 10:58:17",5,"Male",44,10,FALSE,3,2.93,1.8,2.46,3.2
49,TRUE,"Instagram",TRUE,-1,93,4,"SpotOverlay",5,2,3,3,"No","friends",5,"2025-03-15 9:02:05",3,"Male",44,9,FALSE,4,2.93,1.8,2.46,3.2
49,TRUE,NA,TRUE,-1,23,3,"Vibration",7,2,4,4,"Yes","friends",6,"2025-03-12 10:29:49",4,"Male",44,10,TRUE,3.6,2.93,1.8,2.46,3.2
49,TRUE,"Facebook",TRUE,0,65,5,"SpotOverlay",7,4,5,5,"Yes","friends",5,"2025-03-12 19:19:34",5,"Male",44,19,TRUE,3,2.93,1.8,2.46,3.2
49,TRUE,NA,TRUE,-3,4,3,"SpotOverlay",7,2,4,4,"Yes","friends",5,"2025-03-17 19:54:41",3,"Male",44,19,TRUE,3.8,2.93,1.8,2.46,3.2
49,TRUE,NA,FALSE,1,22,6,"SpotOverlay",5,4,6,5,"Yes","friends",7,"2025-03-18 14:21:49",6,"Male",44,14,TRUE,2.4,2.93,1.8,2.46,3.2
49,TRUE,NA,FALSE,1,28,5,"Vibration",7,3,5,3,"No","alone",4,"2025-03-17 9:07:57",5,"Male",44,9,TRUE,3,2.93,1.8,2.46,3.2
49,TRUE,NA,TRUE,-2,0,3,"SpotOverlay",6,2,3,3,"No","friends",6,"2025-03-13 13:43:25",5,"Male",44,13,TRUE,4,2.93,1.8,2.46,3.2
49,TRUE,NA,TRUE,-1,1,5,"Vibration",7,2,2,3,"Yes","alone",6,"2025-03-13 14:34:54",3,"Male",44,14,TRUE,4,2.93,1.8,2.46,3.2
49,TRUE,NA,TRUE,-1,1,4,"Vibration",7,2,3,3,"No","alone",7,"2025-03-13 8:17:14",4,"Male",44,8,TRUE,4,2.93,1.8,2.46,3.2
49,TRUE,NA,TRUE,-2,4,3,"SpotOverlay",7,2,4,4,"No","friends",5,"2025-03-17 19:54:41",3,"Male",44,19,TRUE,3.4,2.93,1.8,2.46,3.2
50,TRUE,"Facebook",TRUE,-2,139,4,"SpotOverlay",3,4,3,3,"No","friends",2,"2025-03-15 20:49:23",3,"Male",49,20,FALSE,3.6,1.93,0.2,3.31,2
50,TRUE,"Facebook",TRUE,-2,166,3,"SpotOverlay",5,3,3,2,"No","friends",3,"2025-03-16 10:32:47",2,"Male",49,10,FALSE,3.6,1.93,0.2,3.31,2
50,TRUE,"Facebook",TRUE,-2,44,3,"SpotOverlay",8,3,3,2,"No","alone",1,"2025-03-14 0:44:33",3,"Male",49,0,TRUE,3,1.93,0.2,3.31,2
50,TRUE,"Facebook",TRUE,-3,177,3,"SpotOverlay",7,4,3,2,"No","friends",1,"2025-03-18 21:08:42",2,"Male",49,21,TRUE,4.2,1.93,0.2,3.31,2
50,TRUE,"Facebook",TRUE,-2,35,6,"Vibration",8,3,4,4,"No","alone",1,"2025-03-18 3:44:29",6,"Male",49,3,TRUE,3.6,1.93,0.2,3.31,2
50,TRUE,"Facebook",TRUE,-2,116,5,"SpotOverlay",8,3,5,5,"No","alone",1,"2025-03-13 2:15:56",5,"Male",49,2,TRUE,2.2,1.93,0.2,3.31,2
50,TRUE,"Facebook",TRUE,-2,12,4,"Pop-Up",4,4,6,5,"No","friends",2,"2025-03-12 19:39:12",5,"Male",49,19,TRUE,2,1.93,0.2,3.31,2
50,TRUE,"Facebook",TRUE,-1,0,4,"SpotOverlay",4,3,3,3,"No","alone",1,"2025-03-15 9:15:16",2,"Male",49,9,FALSE,3.2,1.93,0.2,3.31,2
52,TRUE,NA,TRUE,-3,0,3,"Pop-Up",5,5,1,7,"Yes","friends",1,"2025-03-16 20:32:02",1,"Male",33,20,FALSE,4.8,2.53,1.6,3,2.6
52,TRUE,NA,TRUE,-3,93,2,"Vibration",8,4,3,7,"Yes","friends",1,"2025-03-17 0:05:04",3,"Male",33,0,TRUE,5,2.53,1.6,3,2.6
52,TRUE,NA,FALSE,-3,2,4,"Pop-Up",4,5,4,7,"Yes","alone",1,"2025-03-15 14:10:43",1,"Male",33,14,FALSE,4.6,2.53,1.6,3,2.6
52,TRUE,"Instagram",TRUE,-2,23,2,"SpotOverlay",6,4,4,7,"Yes","alone",2,"2025-03-12 7:39:49",2,"Male",33,7,TRUE,4.6,2.53,1.6,3,2.6
53,TRUE,NA,TRUE,-2,0,5,"Pop-Up",3,4,4,3,"Yes","alone",2,"2025-03-13 10:01:09",3,"Female",50,10,TRUE,3.8,2,0.6,3.69,1
53,TRUE,"Facebook",TRUE,-3,118,4,"SpotOverlay",8,3,4,4,"No","alone",0,"2025-03-13 0:39:13",5,"Female",50,0,TRUE,3.4,2,0.6,3.69,1
53,TRUE,"Facebook",TRUE,-2,23,4,"Pop-Up",6,4,6,6,"No","alone",3,"2025-03-16 23:59:48",5,"Female",50,23,FALSE,3.8,2,0.6,3.69,1
53,TRUE,"Facebook",TRUE,-2,75,5,"SpotOverlay",7,3,4,4,"No","alone",2,"2025-03-17 0:46:09",4,"Female",50,0,TRUE,4,2,0.6,3.69,1
53,TRUE,"Facebook",TRUE,-2,5,5,"Vibration",7,4,5,6,"No","alone",3,"2025-03-19 8:10:04",5,"Female",50,8,TRUE,4,2,0.6,3.69,1
55,TRUE,"Instagram",TRUE,-3,15,5,"Vibration",4,3,3,3,"No","alone",0,"2025-03-16 4:17:13",5,"Male",28,4,FALSE,3.8,2.6,1.8,2,3.8
55,TRUE,"Instagram",TRUE,-3,151,5,"SpotOverlay",5,3,3,2,"No","alone",0,"2025-03-17 3:37:39",4,"Male",28,3,TRUE,4.2,2.6,1.8,2,3.8
55,TRUE,"Instagram",TRUE,-3,204,5,"SpotOverlay",4,3,1,1,"No","alone",0,"2025-03-19 3:16:33",5,"Male",28,3,TRUE,4,2.6,1.8,2,3.8
55,TRUE,"Instagram",TRUE,-3,34,5,"Vibration",7,3,3,3,"No","alone",0,"2025-03-19 9:38:13",5,"Male",28,9,TRUE,4.2,2.6,1.8,2,3.8
55,TRUE,"Instagram",TRUE,-3,16,5,"Pop-Up",6,3,4,5,"No","alone",0,"2025-03-19 3:32:19",5,"Male",28,3,TRUE,3.6,2.6,1.8,2,3.8
55,TRUE,"Instagram",TRUE,-3,109,5,"Vibration",7,3,3,3,"No","alone",0,"2025-03-19 9:22:03",4,"Male",28,9,TRUE,4.2,2.6,1.8,2,3.8
55,TRUE,"Instagram",TRUE,-2,3548,5,"Pop-Up",4,3,4,4,"Yes","alone",0,"2025-03-19 10:52:50",5,"Male",28,10,TRUE,4.2,2.6,1.8,2,3.8
55,TRUE,NA,TRUE,-3,0,3,"Vibration",6,3,4,4,"Yes","alone",0,"2025-03-18 23:57:03",2,"Male",28,23,TRUE,3,2.6,1.8,2,3.8
55,TRUE,NA,TRUE,-3,0,4,"SpotOverlay",4,3,4,6,"Yes","friends",0,"2025-03-19 21:24:46",1,"Male",28,21,TRUE,3,2.6,1.8,2,3.8
55,TRUE,"Instagram",TRUE,-3,190,6,"SpotOverlay",1,3,2,2,"No","alone",0,"2025-03-15 13:16:17",5,"Male",28,13,FALSE,5,2.6,1.8,2,3.8
55,TRUE,"Instagram",TRUE,-3,1390,2,"Pop-Up",7,3,3,5,"No","alone",1,"2025-03-14 11:03:36",1,"Male",28,11,TRUE,3,2.6,1.8,2,3.8
55,TRUE,"Instagram",TRUE,-3,61,5,"Vibration",5,3,2,3,"No","alone",1,"2025-03-14 8:20:58",5,"Male",28,8,TRUE,3.8,2.6,1.8,2,3.8
55,TRUE,"Instagram",TRUE,-3,132,6,"SpotOverlay",4,3,3,1,"No","alone",1,"2025-03-14 3:10:40",5,"Male",28,3,TRUE,3.2,2.6,1.8,2,3.8
55,TRUE,"Instagram",TRUE,-3,190,5,"SpotOverlay",4,3,4,4,"No","friends",6,"2025-03-15 13:16:17",5,"Male",28,13,FALSE,3.4,2.6,1.8,2,3.8
55,TRUE,"Instagram",TRUE,-3,504,4,"Pop-Up",2,3,4,5,"No","alone",1,"2025-03-13 11:28:44",4,"Male",28,11,TRUE,5,2.6,1.8,2,3.8
55,TRUE,NA,TRUE,-3,0,4,"Pop-Up",5,3,4,4,"Yes","alone",5,"2025-03-13 1:23:16",4,"Male",28,1,TRUE,3,2.6,1.8,2,3.8
55,TRUE,"Instagram",TRUE,-3,1799,5,"Pop-Up",7,3,4,4,"No","alone",0,"2025-03-14 9:06:57",4,"Male",28,9,TRUE,3.2,2.6,1.8,2,3.8
55,TRUE,"Instagram",TRUE,-3,48,5,"Vibration",3,3,3,3,"No","alone",2,"2025-03-13 3:53:55",5,"Male",28,3,TRUE,3.4,2.6,1.8,2,3.8
55,TRUE,"Instagram",TRUE,-3,1432,5,"Pop-Up",2,3,4,1,"No","alone",1,"2025-03-13 11:03:38",5,"Male",28,11,TRUE,5,2.6,1.8,2,3.8
55,TRUE,"Instagram",TRUE,-3,45,5,"Vibration",8,3,2,2,"No","alone",0,"2025-03-14 10:24:32",5,"Male",28,10,TRUE,3.6,2.6,1.8,2,3.8
